proposal_id,distance,n_matched,rank_corr,beta,alpha,gamma,mu_c,npi_factor,tmrca_offset
1346,2.095839582848398,15,0.3491496475282372,0.00162531294632368,0.6469479357096122,0.005221520535224178,32,0.05632145949308898,109
139,2.3117497404833194,15,0.6481159457668969,0.007709153024312474,0.20450228101380696,0.4608115537117305,7,0.038030792421910736,80
653,2.5072654480360788,15,0.33661607043747993,0.0070710462205882795,0.21515444175220222,0.5148532335297007,44,0.03221974383200421,87
1448,2.599459751137978,15,0.26297000932891873,0.0023799277598269123,0.8757435662060415,0.11118075947207168,32,0.00648800186289894,94
1372,2.600117060425977,15,0.3100358422939068,0.001891378185471952,0.32700865620682307,0.9052980849675559,15,0.010231000418482017,90
11,2.6139762025739293,15,0.23255851165142472,0.005155542612572643,0.06450864846576276,0.4446298586035893,24,0.13674647212302393,80
1097,2.6334158039277873,15,0.28980368375023696,0.0016651647857236175,0.19538398694410442,0.6438923966122079,48,0.5894054871562632,92
1460,2.6700182426890215,15,0.2649956299188672,0.0028579857398170093,0.5166995582671842,0.9070393295699143,22,0.06653139527406476,87
1222,2.6790343148448468,15,0.2880147721221491,0.0014085285669639086,0.06216067028241393,0.2000101374748599,57,0.3235893741606068,133
1293,2.7136402357019476,15,0.3720936186422796,0.0017292681566073143,0.31300732908553974,0.3995749999451742,19,0.5192991835248937,116
706,2.8101849369573575,15,0.23366168719197414,0.004083613205101573,0.08994933830943787,0.7074060190462399,43,0.0956475816446273,80
1013,2.8153407598841955,15,0.38888888888888895,0.0035770877050734593,0.050250947074025,0.5163121212380004,48,0.22286816840155543,88
475,2.8257148407580557,15,0.44543899539388276,0.0031907028419955403,0.22254477961584063,0.5537160103668565,7,0.18433967046972,118
1125,2.913750200217778,15,0.030411497677494004,0.0014623923541738188,0.4325829851149481,0.1298206221808722,24,0.5071168435120883,111
540,2.9151001275990076,15,0.15563531164364577,0.002919276589676353,0.929304743364558,0.7765760955184968,45,0.3806671131399899,94
904,2.9346550150901494,15,0.3023260651468522,0.0027828479063453137,0.6594960135939287,0.9051496026187433,53,0.11587613712914363,109
293,2.9401008393756545,15,0.19158467838728913,0.002128879670102235,0.31383072345168184,0.0881861965152769,17,0.3597435172327045,110
708,2.9534276880590093,15,0.38854088981347423,0.006172834552022126,0.410564206965176,0.0698934469338488,59,0.031366688605806936,82
530,2.9795627487115923,15,0.3413978494623656,0.007196549719618752,0.38284731547808626,0.19132811709142405,11,0.7450571580757117,84
212,2.999592731822072,15,-0.1790511012965319,0.0021986643136424726,0.06181402037925879,0.46494429228616907,52,0.2768607977372013,88
305,3.030954282428916,15,0.3602150537634409,0.003524096330408623,0.27223241374477497,0.5184584059309234,23,0.01820379906633407,124
1069,3.056691212697719,15,0.4283154121863799,0.005907232238808969,0.20990161149462835,0.35529052225629054,49,0.631394581237922,87
656,3.0814661860648758,15,0.07692320000777896,0.0027010645734624654,0.6386036309586378,0.2842862763477677,30,0.05508191519024441,114
291,3.084371196637744,15,0.13786934799832956,0.006585744345303802,0.4155515940925053,0.11948100474535556,49,0.5139370674247751,84
977,3.0916292821150986,15,0.15205748838747002,0.0024363311069677414,0.4427593965898827,0.43435848329671445,40,0.03314535398188981,119
101,3.1438342273446986,15,0.24329198141995204,0.008648732901532778,0.2977513850022239,0.06906456289997331,28,0.0030985143066940557,81
933,3.1454646750649404,15,0.25581436281656716,0.005346810483957244,0.584503066171371,0.856476915355677,15,0.08199516228693415,89
752,3.149416349453771,15,-0.003581022025930638,0.0013232184417033685,0.6022084954483828,0.09274457550250048,30,0.021207113663595296,115
632,3.1496556458098937,15,0.5709165394844133,0.008532636595692759,0.36389896409449607,0.06060353264875834,42,0.0035084389160719986,91
1023,3.1524345542255543,15,0.14682190306315615,0.0042995005762008895,0.08793374715288965,0.2991114832202215,26,0.26225133376587695,95
351,3.1548301891923987,15,0.10017905117292143,0.0010187589119264556,0.22194865886455406,0.006057243740321017,21,0.21859899418450207,120
131,3.167762710951588,15,0.3133394272689308,0.006013046530186516,0.13777417211189877,0.20230070108560266,55,0.34827037521036414,95
959,3.1749746606187186,15,0.11091252094144871,0.0025405692256273912,0.011458605435478886,0.791251520268516,35,0.3774000386521176,91
824,3.1920708332638923,15,0.22719177676716107,0.003039461883090469,0.03799706480827675,0.472224342894102,36,0.9891618366786169,96
1391,3.2076181780541377,15,0.2435094977632834,0.004590787676098144,0.7124335326967095,0.9953322899318141,23,0.5902262189731502,88
883,3.20806142144336,15,0.30349161669762154,0.0055313799224022756,0.14602051632136404,0.33574531842868593,40,0.23722382559404237,80
1205,3.2151625183683636,15,0.42256059905981536,0.007791866469126513,0.6673064702322878,0.34817552175272215,15,0.22553160815798728,82
401,3.222099874896525,15,0.23434742327951258,0.007362943351040809,0.48936835818041746,0.2582690006484159,7,0.21540787536579095,83
314,3.2234893697692137,15,0.29185329511334696,0.008322610351035025,0.3768800842368901,0.6956214523205658,57,0.10202483270591278,79
329,3.228933677906906,15,0.1949913674615792,0.002234976726878178,0.9026430173933004,0.4241264504493373,7,0.09338511319046733,133
757,3.2399867735706462,15,0.34883776747713713,0.0011329536375083657,0.09148928296734593,0.9365007169792718,44,0.2507235845609409,81
1140,3.2440569438570312,15,0.4485230087478124,0.012149421763894934,0.841982741472693,0.43661406191538366,57,0.036037354771849994,85
1488,3.2460697832144763,15,-0.1593554801539134,0.0026452995120850105,0.19929152807021355,0.8154471840086446,44,0.07058405998263258,108
508,3.2468287596032797,15,0.12712628192053765,0.004918228750020315,0.4918136505676097,0.9816379642356872,13,0.01966841110061779,91
563,3.266507631943412,15,0.22202336560769953,0.011282623855668637,0.10936974805688754,0.15652817931458388,11,0.7651929576665961,87
1280,3.2749218603321175,15,0.4109222774755407,0.007652757371146651,0.16945082002415365,0.22139643824864463,12,0.21686235246738927,128
1183,3.275858382032137,15,0.23276643168549147,0.0035869216483971735,0.23155611169973886,0.21915758356412757,16,0.511246787569038,82
1494,3.280950867657394,15,-0.26118109770083087,0.0020273440301865845,0.3262533965348071,0.533485720399397,39,0.023752450593287677,114
1208,3.3043103653273325,15,-0.059034083726900125,0.003541914124163298,0.1550986016836926,0.8715106660947468,13,0.7110959024388773,133
128,3.3074582552258986,15,0.3670547576578904,0.005111444191164199,0.09575702381045875,0.5362774206301595,8,0.011167856371214258,135
1191,3.3168450549745954,15,0.5304659498207887,0.01708662218501459,0.4534659362192742,0.42857343809997955,20,0.15257238336928666,91
1307,3.318786272138,15,0.40017921139774876,0.02004157279054047,0.05719564637940775,0.505219553303335,8,0.5916335634001322,80
1161,3.322358846290566,15,-0.16293650217984404,0.0022329771943916162,0.07945041518106005,0.21477757695380828,37,0.34126323921859714,132
1362,3.3242835930120984,15,0.36917562724014336,0.004725145467398044,0.30245855103477504,0.3678003513282704,52,0.9274193262782247,129
916,3.328968602396362,15,0.23971415816377628,0.019763994938695302,0.18827158167835922,0.5755837161566502,31,0.06631494834490848,81
1335,3.3308997811714467,15,0.34525994422096135,0.004237199751449226,0.03124534545235047,0.16349032115766793,35,0.5589008836262986,91
749,3.3313957098642395,15,0.20572483723010648,0.0036572117346334782,0.7871625892587479,0.7823393223163815,16,0.1728215104385021,114
932,3.3317651038919056,15,0.4422562202024338,0.008404904402044864,0.2104189771710548,0.06882869401104025,24,0.8490923904535075,98
37,3.3355013760386663,15,0.3661595021514077,0.02628737512572032,0.01319925429323221,0.3141068058671153,23,0.6474188467173805,87
218,3.3369425512858863,15,0.13953510699085486,0.0040679062609243685,0.2915294986136159,0.7578311197146125,20,0.17155493549366968,109
31,3.3443250678413223,15,0.35541643607361584,0.011609107244695707,0.1099482678782601,0.701790825621426,22,0.08714497003054411,80
685,3.344325468368427,15,0.032200409305581885,0.004657517409747124,0.05957527111555461,0.23226886601473873,58,0.22648783110147824,106
906,3.3453653951585074,15,0.44543899539388276,0.0053694503414440185,0.18344423519720887,0.6670775625519495,20,0.7638251764294193,84
357,3.349971059936375,15,0.2882722730874164,0.0068854553060544305,0.6354366638794782,0.5395631753167485,42,0.06268910843879119,86
440,3.3618325096915993,15,0.5008952558646071,0.005379851974898577,0.9744811889459104,0.21451390047795887,37,0.8146023906908383,103
1058,3.3634813660978797,15,-0.1932024558334913,0.003290746851396416,0.10108049699957214,0.5143941068665772,43,0.019836445057666435,136
480,3.363941645003035,15,0.16129032258064516,0.00395581171644288,0.13571347166347017,0.6855479454055604,41,0.09803711435791629,129
1388,3.367554009024948,15,-0.010752688172043012,0.003989810179781941,0.397632662634964,0.06279214485462081,54,0.0029375431811491035,108
758,3.3766369910096454,15,0.24372759856630824,0.03068654592075966,0.044006432552980396,0.20377519317056803,8,0.1645603060671216,83
863,3.3793303218519206,15,0.23118279569892475,0.010301278527162838,0.11552119532285665,0.6816707985921691,10,0.18504035115804052,100
191,3.381263457070271,15,0.46332811167476157,0.009216971450139602,0.8748260557909402,0.9475056714258172,19,0.6059108375349573,81
1490,3.389022307104821,15,0.2784244625161071,0.0033165221809925123,0.13232066775728726,0.36170647606911466,19,0.589334090792389,98
344,3.389723352026262,15,0.3115489162559655,0.01101379802023375,0.8024990335424176,0.9894092570896936,42,0.10752235079479044,87
339,3.3946046899099103,15,0.13644546226671514,0.02329143647167379,0.9025891675358958,0.7011209505986434,15,0.11893351002741288,84
107,3.4002373081938324,15,0.3094817116592037,0.0022365614972776784,0.9873807215837811,0.40123761265454083,10,0.9532048343528631,90
